<?xml version="1.0" encoding="UTF-8"?>
<project-private xmlns="http://www.netbeans.org/ns/project-private/1">
    <editor-bookmarks xmlns="http://www.netbeans.org/ns/editor-bookmarks/2" lastBookmarkId="0"/>
    <open-files xmlns="http://www.netbeans.org/ns/projectui-open-files/2">
        <group>
            <file>file:/Z:/Products/Digilent/BasysMX3/Software/LibPack/Release/LibPack/LibPack.X/spiflash.c</file>
            <file>file:/Z:/Products/Digilent/BasysMX3/Software/LibPack/Release/LibPack/LibPack.X/spiflash.h</file>
            <file>file:/Z:/Products/Digilent/BasysMX3/Software/LibPack/Release/LibPack/LibPack.X/main.c</file>
            <file>file:/Z:/Products/Digilent/BasysMX3/Software/LibPack/Release/LibPack/LibPack.X/utils.c</file>
            <file>file:/Z:/Products/Digilent/BasysMX3/Software/LibPack/Release/Demos/SPIFLASHDemo.X/main.c</file>
            <file>file:/Z:/Products/Digilent/BasysMX3/Software/LibPack/Release/LibPack/LibPack.X/srv.c</file>
            <file>file:/Z:/Products/Digilent/BasysMX3/Software/LibPack/Release/LibPack/LibPack.X/audio.c</file>
            <file>file:/Z:/Products/Digilent/BasysMX3/Software/LibPack/Release/LibPack/LibPack.X/mot.c</file>
            <file>file:/Z:/Products/Digilent/BasysMX3/Software/LibPack/Release/LibPack/LibPack.X/uart.c</file>
        </group>
    </open-files>
</project-private>
