<?xml version="1.0" encoding="UTF-8"?>
<project-private xmlns="http://www.netbeans.org/ns/project-private/1">
    <editor-bookmarks xmlns="http://www.netbeans.org/ns/editor-bookmarks/2" lastBookmarkId="0"/>
    <open-files xmlns="http://www.netbeans.org/ns/projectui-open-files/2">
        <group>
            <file>file:/Z:/Products/Digilent/BasysMX3/Software/LibPack/Release/Demos/MOTDemo.X/mot.c</file>
            <file>file:/Z:/Products/Digilent/BasysMX3/Software/LibPack/Release/Demos/MOTDemo.X/lcd.c</file>
            <file>file:/Z:/Products/Digilent/BasysMX3/Software/LibPack/Release/Demos/MOTDemo.X/main.c</file>
        </group>
    </open-files>
</project-private>
